ID,ZGUIDE_PERSIAN_ID,NAME,ORDER_BY
1,1,مقدمه: آداب سفر,1
2,1,خبر صافی خادم امام هادی(ع) و مسافرت او به مشهد,2
3,1,آداب مسافرین,3
4,2,آداب زیارت,1
5,2,کلامی در زیارت زنها و مذمت مزاحمت ایشان با نامحرمان,2
6,3,اذن دخول حرمهای شریفه,1
7,3,اذن دخول دیگر,2
8,15,فضیلت زیارت حضرت رسول(ص) فاطمه(ع) و ائمه(ع),1
9,15,کیفیت زیارت حضرت رسول(ص) در مدینه,2
10,15,اعمال روضه منوره,3
11,15,زیارت حضرت فاطمه(ع),4
12,15,زیارت حضرت رسول(ص) از راه دور,5
13,15,زیارت حضرت رسول(ص) و ائمه در روزهای جمعه از راه دور,6
14,15,صلوات بر حضرت رسول(ص) و فضیلت آن,7
15,15,زیارت ائمه بقیع(ع),8
16,15,قطعه ای از قصیده ازری,9
17,15,زیارت جناب فاطمه بنت اسد(ع),10
18,15,زیارت حضرت حمزه(ع),11
19,15,فضیلت زیارت حضرت حمزه(ع),12
20,15,زیارت شهدای احد,13
21,15,مساجد معظمه در مدینه (مانند مسجد قبا و ..),14
22,15,زیارت وداع حضرت رسول (ص),15
23,15,تکالیف زوار در مدینه طیبه,16
24,4,فضیلت زیارت حضرت امیرالمومنین (ع),1
25,4,ظاهرشدن قبر آن حضرت در زمان هارون,2
26,4,قصه احمی من مجیر الجراد,3
27,4,کیفیت زیارت آن حضرت,4
28,4,زیارت اول,5
29,4,قطعه ای از قصیده ازریه,6
30,4,دعاهای بعد از زیارت حضرت و بعد از نمازهای فریضه و نافله,7
31,4,زیارت امام حسین(ع) نزد قبر امیرالمومنین(ع),8
32,4,زیارت دوم (امین الله),9
33,4,زیارت سوم,10
34,4,زیارت چهارم,11
35,4,زیارت پنجم,12
36,4,زیارت ششم,13
37,4,زیارت هفتم,14
38,4,آمدن حضرت امام زین العابدین(ع) به زیارت امیرالمومنین(ع),15
39,4,زیارت وداع حضرت امیرالمومنین,16
40,4,زیارت روز غدیر,17
41,4,زیارت دیگر روز غدیر,18
42,4,زیارت امیرالمومنین(ع) در روز میلاد پیغمبر(ص),19
43,4,در اتحاد حضرت امیرالمومنین(ع) با پیغمبر(ص),20
44,4,زیارت شب و روز مبعث,21
252,5,فضیلت مسجد کوفه,1
253,5,اعمال مسجد كوفه,2
254,5,اعمال دكّة القضاء و بيت الطشت,3
255,5,انجام نماز و دعا در وسط مسجد,4
256,5,اعمال ستون هفتم,5
257,5,اعمال ستون پنجم,6
258,5,اعمال ستون سوم,7
259,5,نماز حاجت در مقام نوح(ع),8
260,5,مناجات حضرت امیر(ع),9
261,5,کیفیت نماز حاجت در مسجد کوفه,10
262,5,زیارت جناب مسلم بن عقیل(ع),11
263,5,زیارت جناب هانی(ع),12
264,5,اعمال مسجد سهله,13
265,5,اعمال مسجد زید,14
267,6,فضیلت امام حسین(ع),1
268,6,آداب مخصوص زیارت امام حسین علیه‌السلام,2
269,6,دعای حرم امام حسین(ع),3
270,6,صلوات بر امام حسین(ع),4
271,6,در اعمال حرم امام حسین(ع),5
272,6,دعای وداع امام حسین(ع),6
273,6,کیفیت زیارت امام حسین و حضرت عباس(ع),7
274,6,زیارت اول,8
275,6,زیارت دوم,9
276,6,زيارت سوم,10
277,6,زيارت چهارم,11
278,6,زيارت پنجم,12
279,6,زیارت ششم,13
280,6,زیارت هفتم (وارث),14
281,6,بیان آنچه به زیارت وارث زیاد شده,15
282,6,در مجعولیت دعای حبی و امثال آن,16
283,6,طعن بر مداخله کردن نا اهلان در کتب حدیث و اخبار و ادعیه,17
284,6,زیارت حضرت عباس(ع),18
285,6,مرثیه ام‌البنین مادر حضرت عباس(ع),19
286,6,زیارت مخصوصه حضرت امام حسین(ع),20
287,6,زیارت اول رجب، نیمه رجب و نیمه شعبان,21
288,6,دوم: زیارت نیمه رجب,22
289,6,سوم: زیارت نیمه شعبان,23
290,6,چهارم: زیارت شبهای قدر,24
291,6,پنجم: زیارت آن حضرت در عید فطر و قربان,25
292,6,ششم: زیارت آن حضرت در روز عرفه,26
293,6,هفتم: زیارت عاشورا,27
294,6,متن زیارت عاشورای معروفه,28
295,6,دعای صفوان معروف به دعای علقمه,29
296,6,خبر صفوان در فضیلت زیارت عاشورا,30
297,6,فوائد مداومت به زیارت عاشورا,31
298,6,زیارت عاشورای غیر معروفه,32
299,6,هشتم: زیارت اربعین,33
300,6,اوقات شریفه‌ی زیارت امام حسین(ع),34
301,6,فواید و آداب تربت مقدسه,35
303,7,فضيلت و كيفيت زيارت كاظمين,1
304,7,زیارت امام موسی کاظم(ع),2
305,7,صلوات بر امام موسی کاظم(ع),3
306,7,زیارت مختص امام محمد تقی(ع),4
307,7,زیارت مشترک کاظمین(ع),5
308,7,حکایت حاجی علی بغدادی(ع),6
309,7,تاریخ و فضیلت مسجد براثا,7
310,7,زیارت نواب اربعه(ع),8
311,7,زیارت شیخ کلینی(ع),9
312,7,فضائل و زیارت جناب سلمان(ع),10
313,7,مرور حضرت امیر(ع) به طاق کسری,11
314,7,زیارت جناب حذیفه در مدائن,12
316,10,فضیلت زیارت امام رضا(ع),1
317,10,کیفیت زیارت امام رضا(ع),2
318,10,دعای بعد از زیارت امام رضا(ع),3
319,10,وداع آن حضرت,4
320,10,فضیلت نماز جعفر در حرم آن حضرت,5
321,10,ورود آن حضرت به قم در سفر خراسان,6
322,10,پیاده رفتن شاه عباس به مشهد,7
323,10,صورت کتیبه قبّه مطهّر حضرت رضا(ع),8
324,10,اشعار جامی در مدح آن حضرت,9
326,8,زیارت امامین عسکریین(ع),1
327,8,زیارت امام علی النقی(ع),2
328,8,زیارت امام حسن عسگری(ع),3
329,8,زیارت والده حضرت قائم(عج),4
330,8,زیارت جناب حکیمه,5
331,8,جلالت حسین فرزند حضرت هادی(ع),6
332,8,زیارت و جلالت سید محمد فرزند امام هادی(ع),7
333,8,آداب سرداب مطهر,8
334,8,زیارتهای حضرت صاحب الامر(عج),9
335,8,صلوات برآن حضرت,10
336,8,دعای ندبه,11
337,8,زیارت حضرت حجة(عج) بعد از نماز صبح,12
338,8,دعای عهد,13
339,8,دعا برای امام عصر(عج),14
344,8,حکایت سیّد رشتی و تشرف او خدمت امام عصر(عج),15
346,3,دعای بعد از زیارت امامان(ع),3
349,9,فضیلت زیارت قبور پیامبران(ع),1
350,9,كيفيت زيارت پيامبران(ع),2
351,9,فضیلت زیارت امامزادگان,3
355,9,زیارت قبور مؤمنان,4
356,9,تاکید فرستادن هدیه برای مردگان,5
357,9,عبرت گرفتن از اموات,6
352,11,فضیلت و کیفیت زیارت حضرت معصومه(ع) در قم,1
353,11,زیارت حضرت عبدالعظیم(ع),2
354,11,زیارت حضرت امامزاده حمزه(ع),3
